<?xml version="1.0" encoding="UTF-8"?>
<project-private xmlns="http://www.netbeans.org/ns/project-private/1">
    <editor-bookmarks xmlns="http://www.netbeans.org/ns/editor-bookmarks/2" lastBookmarkId="0"/>
    <open-files xmlns="http://www.netbeans.org/ns/projectui-open-files/2">
        <group>
            <file>file:/home/diana/NetBeansProjects/Tema/src/Apl/Meniu.java</file>
            <file>file:/home/diana/NetBeansProjects/Tema/src/Apl/AfisareMag.java</file>
            <file>file:/home/diana/NetBeansProjects/Tema/src/Apl/Editare.java</file>
            <file>file:/home/diana/NetBeansProjects/Tema/src/Apl/Tabs.java</file>
            <file>file:/home/diana/NetBeansProjects/Tema/src/Apl/clss.java</file>
            <file>file:/home/diana/NetBeansProjects/Tema/src/Apl/AfisareProduse.java</file>
            <file>file:/home/diana/NetBeansProjects/Tema/src/Apl/Statistica.java</file>
            <file>file:/home/diana/NetBeansProjects/Tema/src/Apl/Aplicatie.java</file>
            <file>file:/home/diana/NetBeansProjects/Tema/src/Apl/Text.java</file>
            <file>file:/home/diana/NetBeansProjects/Tema/src/Apl/Tabel.java</file>
            <file>file:/home/diana/NetBeansProjects/Tema/src/Apl/JTableRowScrollingExample.java</file>
        </group>
    </open-files>
</project-private>
